variable,count,mean,std,min,25%,50%,75%,max,original
dummy1,1000.0,0.0003743287004543966,0.010540428958939018,-0.0354597415640611,-0.006918904006821975,0.0001794272856203,0.007964026464023725,0.0344753429043791,0.0054458426638639
dummy2,1000.0,0.00031801692015899155,0.01131567831071688,-0.0387678140899794,-0.0070357809248813,-0.00016482106235565,0.008332436979546925,0.0346338913919286,-0.003028713123669
x1,1000.0,-0.13047721179501506,3.0793034587087003,-9.99872684198649,-2.195383357830772,-0.25353124512541114,1.8419176832536923,28.204184853569654,28.204184853569654
x2,1000.0,0.4566026767365768,7.884543944041456,-20.03140594567853,-4.743782576126031,0.35915872568513935,5.55251908030822,75.05125661266958,75.05125661266958
x3,1000.0,0.09680287612333945,1.893492106894502,-5.19743003470262,-1.1664604803889864,0.10382925085389685,1.3665049512184657,17.754593035494725,17.754593035494725
